,Unnamed: 0,Invoice ID,Branch,City,Customer type,Gender,Product line,Unit price,Quantity,Tax 5%,Total,Date,Time,Payment,cogs,gross margin percentage,gross income,Rating
0,,226-31-3081,C,Port Harcourt,Normal,Female,Electronic accessories,5500.8,5,1375.2,28879.2,3/8/2019,10:29,Cash,27504.000000000004,4.761904762,1375.2,9.6
1,,699-14-3026,C,Port Harcourt,Normal,Male,Electronic accessories,30740.4,7,10759.14,225941.94,3/25/2019,18:30,Epay,215182.8,4.761904762,10759.14,4.1
2,,315-22-5665,C,Port Harcourt,Normal,Female,Home and lifestyle,26481.6,10,13240.8,278056.8,2/24/2019,11:38,Epay,264816.0,4.761904762,13240.8,8.0
3,,300-71-4605,C,Port Harcourt,Member,Male,Electronic accessories,30974.4,5,7743.6,162615.6,2/25/2019,11:24,Epay,154872.0,4.761904762,7743.6,4.8
4,,183-56-6882,C,Port Harcourt,Member,Female,Food and beverages,35791.2,4,7158.24,150323.04,2/6/2019,10:42,Epay,143164.8,4.761904762,7158.24,7.5
5,,232-16-2483,C,Port Harcourt,Member,Female,Sports and travel,24523.2,1,1226.16,25749.360000000004,1/7/2019,12:28,Epay,24523.2,4.761904762,1226.16,6.8
6,,333-73-7901,C,Port Harcourt,Normal,Female,Health and beauty,19771.2,8,7908.480000000001,166078.08000000002,3/23/2019,13:24,Epay,158169.6,4.761904762,7908.480000000001,7.6
7,,554-53-8700,C,Port Harcourt,Member,Male,Home and lifestyle,20199.6,2,2019.9600000000005,42419.16,2/2/2019,10:11,Cash,40399.2,4.761904762,2019.9600000000005,6.3
8,,228-96-1411,C,Port Harcourt,Member,Female,Food and beverages,35532.0,8,14212.8,298468.8,3/4/2019,20:39,Cash,284256.0,4.761904762,14212.8,7.6
9,,617-15-4209,C,Port Harcourt,Member,Male,Health and beauty,5533.2,2,553.3199999999999,11619.72,3/16/2019,19:47,Cash,11066.4,4.761904762,553.3199999999999,7.2
10,,574-22-5561,C,Port Harcourt,Member,Female,Fashion accessories,29746.8,10,14873.4,312341.4,3/19/2019,17:08,Epay,297468.0,4.761904762,14873.4,7.9
11,,326-78-5178,C,Port Harcourt,Member,Male,Food and beverages,32904.0,7,11516.4,241844.4,2/3/2019,10:19,Cash,230328.0,4.761904762,11516.4,9.5
12,,778-71-5554,C,Port Harcourt,Member,Male,Fashion accessories,5554.8,1,277.74,5832.54,1/25/2019,15:46,Card,5554.8,4.761904762,277.74,6.1
13,,399-46-5918,C,Port Harcourt,Normal,Female,Electronic accessories,30952.800000000003,8,12381.12,260003.52,2/28/2019,19:01,Cash,247622.4,4.761904762,12381.12,8.2
14,,120-06-4233,C,Port Harcourt,Normal,Male,Electronic accessories,11019.6,6,3305.88,69423.48,3/12/2019,20:36,Cash,66117.6,4.761904762,3305.88,9.3
15,,285-68-5083,C,Port Harcourt,Member,Female,Sports and travel,8906.4,3,1335.96,28055.16,2/15/2019,17:47,Card,26719.2,4.761904762,1335.96,10.0
16,,803-83-5989,C,Port Harcourt,Normal,Male,Home and lifestyle,20062.8,6,6018.84,126395.64,2/24/2019,10:55,Epay,120376.8,4.761904762,6018.84,7.0
17,,838-78-4295,C,Port Harcourt,Normal,Female,Health and beauty,12049.2,2,1204.92,25303.32,2/10/2019,15:43,Epay,24098.4,4.761904762,1204.92,6.7
18,,393-65-2792,C,Port Harcourt,Normal,Male,Food and beverages,32212.800000000003,10,16106.4,338234.4,1/6/2019,12:46,Card,322128.0,4.761904762,16106.4,9.6
19,,796-12-2025,C,Port Harcourt,Normal,Male,Fashion accessories,22363.2,10,11181.6,234813.6,2/11/2019,16:19,Cash,223632.00000000003,4.761904762,11181.6,5.9
20,,841-35-6630,C,Port Harcourt,Normal,Female,Electronic accessories,27327.6,6,8198.28,172163.88,3/9/2019,18:21,Cash,163965.6,4.761904762,8198.28,8.7
21,,732-94-0499,C,Port Harcourt,Normal,Female,Electronic accessories,14994.0,10,7497.0,157437.0,1/13/2019,17:04,Card,149940.0,4.761904762,7497.0,5.4
22,,263-10-3913,C,Port Harcourt,Member,Male,Fashion accessories,17654.4,9,7944.48,166834.08000000002,1/9/2019,14:20,Card,158889.6,4.761904762,7944.48,8.6
23,,829-49-1914,C,Port Harcourt,Member,Female,Food and beverages,28191.6,10,14095.8,296011.8,3/5/2019,16:24,Epay,281916.0,4.761904762,14095.8,6.6
24,,756-01-7507,C,Port Harcourt,Normal,Female,Health and beauty,7336.799999999999,5,1834.2,38518.2,1/22/2019,18:56,Cash,36684.0,4.761904762,1834.2,6.0
25,,870-72-4431,C,Port Harcourt,Normal,Female,Health and beauty,35708.4,6,10712.52,224962.92,1/21/2019,14:42,Card,214250.4,4.761904762,10712.52,5.5
26,,480-63-2856,C,Port Harcourt,Normal,Male,Food and beverages,6930.0,8,2772.0,58211.99999999999,1/23/2019,18:37,Epay,55440.0,4.761904762,2772.0,6.6
27,,787-56-0757,C,Port Harcourt,Member,Female,Food and beverages,28929.6,4,5785.92,121504.31999999998,2/23/2019,18:45,Card,115718.4,4.761904762,5785.92,8.3
28,,360-39-5055,C,Port Harcourt,Member,Male,Sports and travel,17607.6,5,4401.9,92439.9,3/9/2019,10:17,Cash,88038.0,4.761904762,4401.9,6.6
29,,730-50-9884,C,Port Harcourt,Normal,Female,Sports and travel,29901.6,7,10465.56,219776.76,3/5/2019,14:31,Epay,209311.2,4.761904762,10465.56,4.0
30,,362-58-8315,C,Port Harcourt,Normal,Male,Fashion accessories,27547.2,5,6886.799999999999,144622.80000000002,3/25/2019,10:23,Cash,137736.0,4.761904762,6886.799999999999,9.9
31,,565-80-5980,C,Port Harcourt,Member,Female,Home and lifestyle,17056.8,4,3411.36,71638.56,1/23/2019,10:25,Cash,68227.2,4.761904762,3411.36,7.1
32,,225-32-0908,C,Port Harcourt,Normal,Female,Sports and travel,16149.6,10,8074.8,169570.8,1/26/2019,19:54,Epay,161496.0,4.761904762,8074.8,8.2
33,,512-91-0811,C,Port Harcourt,Normal,Male,Health and beauty,32310.0,1,1615.5,33925.5,2/6/2019,20:05,Card,32310.0,4.761904762,1615.5,6.6
34,,871-39-9221,C,Port Harcourt,Normal,Female,Electronic accessories,4482.0,6,1344.6,28236.6,2/9/2019,13:11,Cash,26892.0,4.761904762,1344.6,4.1
35,,163-56-7055,C,Port Harcourt,Member,Male,Fashion accessories,17535.6,1,876.7800000000001,18412.38,3/26/2019,19:20,Cash,17535.6,4.761904762,876.7800000000001,4.1
36,,189-98-2939,C,Port Harcourt,Normal,Male,Fashion accessories,28278.0,9,12725.1,267227.1,3/1/2019,13:22,Cash,254502.00000000003,4.761904762,12725.1,7.2
37,,551-21-3069,C,Port Harcourt,Normal,Female,Electronic accessories,8305.2,9,3737.34,78484.14,2/1/2019,11:27,Cash,74746.8,4.761904762,3737.34,4.9
38,,628-34-3388,C,Port Harcourt,Normal,Male,Fashion accessories,9856.8,6,2957.04,62097.84000000001,1/5/2019,20:54,Card,59140.8,4.761904762,2957.04,7.9
39,,588-01-7461,C,Port Harcourt,Normal,Female,Food and beverages,12232.8,9,5504.759999999999,115599.96,3/24/2019,10:43,Cash,110095.2,4.761904762,5504.759999999999,4.2
40,,861-77-0145,C,Port Harcourt,Member,Male,Electronic accessories,29509.2,10,14754.6,309846.6,3/3/2019,14:30,Cash,295092.0,4.761904762,14754.6,9.2
41,,210-67-5886,C,Port Harcourt,Member,Female,Health and beauty,35355.6,3,5303.34,111370.13999999998,2/5/2019,10:41,Card,106066.8,4.761904762,5303.34,7.8
42,,237-01-6122,C,Port Harcourt,Member,Female,Home and lifestyle,29084.4,9,13087.98,274847.58,2/1/2019,20:31,Card,261759.6,4.761904762,13087.98,9.5
43,,225-98-1496,C,Port Harcourt,Normal,Female,Fashion accessories,9727.2,3,1459.08,30640.68,3/2/2019,13:01,Card,29181.6,4.761904762,1459.08,7.1
44,,659-36-1684,C,Port Harcourt,Member,Male,Sports and travel,20563.2,7,7197.12,151139.52,1/12/2019,12:02,Card,143942.4,4.761904762,7197.12,6.5
45,,336-78-2147,C,Port Harcourt,Member,Male,Home and lifestyle,23007.6,8,9203.04,193263.84000000003,3/13/2019,19:52,Card,184060.8,4.761904762,9203.04,4.6
46,,189-08-9157,C,Port Harcourt,Normal,Female,Fashion accessories,11422.8,9,5140.259999999999,107945.46,1/8/2019,16:17,Card,102805.2,4.761904762,5140.259999999999,5.9
47,,663-86-9076,C,Port Harcourt,Member,Female,Food and beverages,24674.4,8,9869.76,207264.96,1/8/2019,15:57,Epay,197395.2,4.761904762,9869.76,8.5
48,,483-71-1164,C,Port Harcourt,Normal,Female,Health and beauty,29268.0,6,8780.4,184388.4,3/8/2019,16:43,Epay,175608.0,4.761904762,8780.4,5.3
49,,597-78-7908,C,Port Harcourt,Normal,Male,Fashion accessories,32479.2,3,4871.88,102309.48,2/18/2019,19:39,Cash,97437.6,4.761904762,4871.88,6.2
50,,731-81-9469,C,Port Harcourt,Member,Female,Sports and travel,32328.0,10,16164.0,339444.0,1/23/2019,13:00,Card,323280.0,4.761904762,16164.0,5.4
51,,280-17-4359,C,Port Harcourt,Member,Male,Health and beauty,32580.0,10,16290.0,342090.0,1/25/2019,13:48,Cash,325800.0,4.761904762,16290.0,8.1
52,,338-65-2210,C,Port Harcourt,Member,Female,Health and beauty,24696.0,10,12347.999999999998,259308.0,2/5/2019,19:57,Cash,246960.0,4.761904762,12347.999999999998,9.1
53,,488-25-4221,C,Port Harcourt,Member,Female,Food and beverages,10947.6,1,547.38,11494.98,2/22/2019,10:36,Card,10947.6,4.761904762,547.38,8.4
54,,458-41-1477,C,Port Harcourt,Normal,Female,Health and beauty,16653.6,6,4996.08,104917.68,3/8/2019,17:11,Card,99921.6,4.761904762,4996.08,9.5
55,,568-90-5112,C,Port Harcourt,Normal,Male,Health and beauty,23810.4,4,4762.08,100003.68,3/19/2019,12:46,Card,95241.6,4.761904762,4762.08,5.6
56,,584-86-7256,C,Port Harcourt,Member,Male,Sports and travel,12441.6,7,4354.56,91445.76,3/11/2019,16:07,Card,87091.2,4.761904762,4354.56,7.3
57,,214-17-6927,C,Port Harcourt,Normal,Female,Food and beverages,5932.8,6,1779.84,37376.64,2/7/2019,18:23,Epay,35596.8,4.761904762,1779.84,9.9
58,,400-89-4171,C,Port Harcourt,Normal,Female,Sports and travel,29149.2,8,11659.680000000002,244853.28,1/28/2019,13:05,Cash,233193.6,4.761904762,11659.680000000002,9.3
59,,894-41-5205,C,Port Harcourt,Normal,Female,Food and beverages,15544.8,8,6217.920000000001,130576.32,1/19/2019,19:39,Card,124358.4,4.761904762,6217.920000000001,8.3
60,,423-80-0988,C,Port Harcourt,Normal,Male,Sports and travel,27504.000000000004,2,2750.4,57758.4,1/30/2019,19:42,Epay,55008.00000000001,4.761904762,2750.4,6.5
61,,234-65-2137,C,Port Harcourt,Normal,Male,Home and lifestyle,34408.8,10,17204.4,361292.4,1/16/2019,13:32,Cash,344088.0,4.761904762,17204.4,4.8
62,,733-33-4967,C,Port Harcourt,Normal,Male,Electronic accessories,7506.000000000001,8,3002.4,63050.4,3/3/2019,19:17,Cash,60048.00000000001,4.761904762,3002.4,6.3
63,,139-52-2867,C,Port Harcourt,Normal,Female,Fashion accessories,8103.6,7,2836.26,59561.46,2/13/2019,10:50,Card,56725.2,4.761904762,2836.26,4.8
64,,342-65-4817,C,Port Harcourt,Member,Male,Health and beauty,31248.0,3,4687.2,98431.2,1/28/2019,16:47,Epay,93744.0,4.761904762,4687.2,9.9
65,,130-98-8941,C,Port Harcourt,Normal,Male,Fashion accessories,23133.6,7,8096.76,170031.96,2/9/2019,10:00,Cash,161935.2,4.761904762,8096.76,5.7
66,,434-83-9547,C,Port Harcourt,Member,Male,Food and beverages,13849.2,8,5539.68,116333.27999999998,1/23/2019,11:51,Cash,110793.6,4.761904762,5539.68,7.7
67,,824-88-3614,C,Port Harcourt,Normal,Male,Health and beauty,12351.6,8,4940.64,103753.44,1/25/2019,15:00,Epay,98812.8,4.761904762,4940.64,5.7
68,,593-65-1552,C,Port Harcourt,Normal,Female,Home and lifestyle,25131.6,4,5026.32,105552.72,1/28/2019,20:50,Card,100526.4,4.761904762,5026.32,5.9
69,,286-43-6208,C,Port Harcourt,Normal,Female,Food and beverages,31608.0,9,14223.6,298695.60000000003,3/16/2019,19:08,Cash,284472.0,4.761904762,14223.6,9.2
70,,556-86-3144,C,Port Harcourt,Member,Female,Fashion accessories,26744.4,1,1337.22,28081.62,1/13/2019,19:30,Cash,26744.4,4.761904762,1337.22,5.0
71,,848-24-9445,C,Port Harcourt,Member,Male,Health and beauty,15732.000000000002,2,1573.2,33037.2,3/26/2019,18:03,Cash,31464.000000000004,4.761904762,1573.2,4.9
72,,699-01-4164,C,Port Harcourt,Normal,Male,Health and beauty,14940.0,4,2988.0000000000005,62748.00000000001,3/12/2019,19:58,Card,59760.0,4.761904762,2988.0000000000005,8.2
73,,420-11-4919,C,Port Harcourt,Member,Female,Food and beverages,25700.4,5,6425.1,134927.1,2/17/2019,19:57,Card,128502.0,4.761904762,6425.1,5.5
74,,606-80-4905,C,Port Harcourt,Member,Female,Sports and travel,6893.999999999999,6,2068.2,43432.2,1/29/2019,10:01,Card,41364.0,4.761904762,2068.2,6.8
75,,426-39-2418,C,Port Harcourt,Normal,Male,Electronic accessories,22107.6,7,7737.660000000001,162490.86,1/14/2019,10:02,Cash,154753.2,4.761904762,7737.660000000001,9.8
76,,672-51-8681,C,Port Harcourt,Member,Female,Electronic accessories,23994.000000000004,9,10797.3,226743.3,1/4/2019,18:19,Card,215946.0,4.761904762,10797.3,9.7
77,,263-87-5680,C,Port Harcourt,Member,Female,Home and lifestyle,10270.8,10,5135.400000000001,107843.4,3/18/2019,17:38,Epay,102708.0,4.761904762,5135.400000000001,7.8
78,,677-11-0152,C,Port Harcourt,Normal,Female,Food and beverages,33573.6,9,15108.12,317270.52,1/16/2019,18:08,Cash,302162.4,4.761904762,15108.12,8.8
79,,389-25-3394,C,Port Harcourt,Normal,Male,Electronic accessories,4251.6,5,1062.9,22320.9,2/17/2019,18:06,Cash,21258.0,4.761904762,1062.9,9.4
80,,279-62-1445,C,Port Harcourt,Member,Female,Fashion accessories,4514.4,1,225.72,4740.12,2/21/2019,12:38,Cash,4514.4,4.761904762,225.72,8.2
81,,746-68-6593,C,Port Harcourt,Member,Female,Sports and travel,31377.6,2,3137.76,65892.95999999999,1/11/2019,14:29,Card,62755.2,4.761904762,3137.76,9.7
82,,583-72-1480,C,Port Harcourt,Member,Male,Electronic accessories,13341.6,4,2668.32,56034.72000000001,1/31/2019,16:24,Epay,53366.4,4.761904762,2668.32,9.7
83,,211-30-9270,C,Port Harcourt,Normal,Male,Health and beauty,6267.6,5,1566.9,32904.9,1/28/2019,15:16,Card,31338.0,4.761904762,1566.9,4.9
84,,755-12-3214,C,Port Harcourt,Member,Female,Fashion accessories,15919.2,5,3979.8,83575.8,3/5/2019,17:07,Card,79596.0,4.761904762,3979.8,8.6
85,,142-72-4741,C,Port Harcourt,Member,Male,Fashion accessories,33552.0,2,3355.2000000000003,70459.2,2/28/2019,18:37,Card,67104.0,4.761904762,3355.2000000000003,6.0
86,,662-47-5456,C,Port Harcourt,Member,Male,Fashion accessories,12668.4,10,6334.2,133018.2,3/17/2019,19:06,Card,126684.0,4.761904762,6334.2,8.4
87,,883-17-4236,C,Port Harcourt,Normal,Female,Sports and travel,5180.400000000001,2,518.04,10878.84,3/2/2019,19:44,Card,10360.8,4.761904762,518.04,7.2
88,,380-94-4661,C,Port Harcourt,Member,Male,Electronic accessories,23738.4,4,4747.679999999999,99701.28,2/7/2019,13:05,Card,94953.6,4.761904762,4747.679999999999,6.9
89,,821-07-3596,C,Port Harcourt,Normal,Female,Fashion accessories,5922.0,4,1184.4,24872.4,3/7/2019,14:53,Epay,23688.0,4.761904762,1184.4,5.6
90,,808-65-0703,C,Port Harcourt,Normal,Male,Home and lifestyle,12769.2,4,2553.84,53630.64,3/14/2019,17:22,Card,51076.8,4.761904762,2553.84,6.9
91,,687-15-1097,C,Port Harcourt,Member,Female,Health and beauty,7603.200000000001,2,760.32,15966.72,1/3/2019,19:17,Cash,15206.4,4.761904762,760.32,9.7
92,,526-86-8552,C,Port Harcourt,Member,Female,Home and lifestyle,7855.2,10,3927.6,82479.6,1/7/2019,17:36,Cash,78552.0,4.761904762,3927.6,7.1
93,,376-56-3573,C,Port Harcourt,Normal,Female,Fashion accessories,34351.2,4,6870.24,144275.04,2/2/2019,13:23,Epay,137404.8,4.761904762,6870.24,6.4
94,,537-72-0426,C,Port Harcourt,Member,Male,Fashion accessories,25556.4,10,12778.2,268342.2,3/20/2019,16:28,Cash,255564.0,4.761904762,12778.2,5.7
95,,523-38-0215,C,Port Harcourt,Normal,Male,Home and lifestyle,13320.0,1,666.0,13986.0,3/6/2019,13:29,Card,13320.0,4.761904762,666.0,7.9
96,,593-95-4461,C,Port Harcourt,Member,Male,Home and lifestyle,26949.6,1,1347.48,28297.08,3/24/2019,14:49,Cash,26949.6,4.761904762,1347.48,6.9
97,,226-71-3580,C,Port Harcourt,Normal,Female,Sports and travel,8550.0,9,3847.5,80797.5,1/31/2019,12:02,Cash,76950.0,4.761904762,3847.5,9.5
98,,558-80-4082,C,Port Harcourt,Normal,Male,Electronic accessories,10026.0,7,3509.1000000000004,73691.09999999999,3/14/2019,17:20,Epay,70182.0,4.761904762,3509.1000000000004,6.0
99,,211-05-0490,C,Port Harcourt,Member,Female,Electronic accessories,18691.2,5,4672.8,98128.8,3/3/2019,13:42,Cash,93456.0,4.761904762,4672.8,7.5
100,,727-75-6477,C,Port Harcourt,Normal,Male,Electronic accessories,10382.4,4,2076.48,43606.08,3/29/2019,14:44,Cash,41529.6,4.761904762,2076.48,6.4
101,,779-06-0012,C,Port Harcourt,Member,Female,Home and lifestyle,31899.6,1,1594.98,33494.579999999994,1/19/2019,10:21,Cash,31899.6,4.761904762,1594.98,7.7
102,,446-47-6729,C,Port Harcourt,Normal,Male,Fashion accessories,35935.2,2,3593.5200000000004,75463.92,1/2/2019,18:09,Card,71870.4,4.761904762,3593.5200000000004,6.7
103,,735-06-4124,C,Port Harcourt,Normal,Male,Food and beverages,17499.6,1,874.9799999999999,18374.58,2/25/2019,15:31,Cash,17499.6,4.761904762,874.9799999999999,4.4
104,,181-94-6432,C,Port Harcourt,Member,Male,Fashion accessories,24958.8,2,2495.88,52413.48,2/5/2019,19:05,Epay,49917.6,4.761904762,2495.88,9.7
105,,227-07-4446,C,Port Harcourt,Member,Female,Electronic accessories,28126.8,10,14063.4,295331.4,2/10/2019,20:51,Cash,281268.0,4.761904762,14063.4,4.4
106,,174-36-3675,C,Port Harcourt,Member,Male,Food and beverages,35773.200000000004,2,3577.3200000000006,75123.72,2/14/2019,17:29,Cash,71546.40000000001,4.761904762,3577.3200000000006,5.2
107,,428-83-5800,C,Port Harcourt,Member,Female,Food and beverages,7588.799999999999,3,1138.32,23904.72,2/9/2019,10:25,Cash,22766.4,4.761904762,1138.32,7.3
108,,603-07-0961,C,Port Harcourt,Member,Male,Electronic accessories,26924.4,5,6731.1,141353.1,1/10/2019,11:34,Cash,134622.0,4.761904762,6731.1,4.9
109,,704-20-4138,C,Port Harcourt,Member,Female,Health and beauty,10681.2,7,3738.42,78506.82,3/11/2019,18:58,Card,74768.4,4.761904762,3738.42,8.1
110,,787-15-1757,C,Port Harcourt,Member,Male,Health and beauty,15865.2,4,3173.04,66633.84000000001,2/18/2019,16:28,Epay,63460.8,4.761904762,3173.04,8.4
111,,649-11-3678,C,Port Harcourt,Normal,Female,Food and beverages,8254.8,9,3714.66,78007.86,2/26/2019,20:26,Cash,74293.2,4.761904762,3714.66,5.5
112,,622-20-1945,C,Port Harcourt,Normal,Female,Health and beauty,14191.2,1,709.56,14900.760000000002,1/18/2019,15:08,Cash,14191.2,4.761904762,709.56,8.4
113,,719-76-3868,C,Port Harcourt,Member,Male,Food and beverages,33933.6,4,6786.72,142521.12,3/12/2019,16:30,Cash,135734.4,4.761904762,6786.72,8.6
114,,835-16-0096,C,Port Harcourt,Member,Male,Sports and travel,5292.0,5,1323.0,27783.0,3/24/2019,13:48,Epay,26460.0,4.761904762,1323.0,8.5
115,,633-09-3463,C,Port Harcourt,Normal,Female,Electronic accessories,17154.0,3,2573.1,54035.1,3/28/2019,12:58,Card,51461.99999999999,4.761904762,2573.1,9.5
116,,416-13-5917,C,Port Harcourt,Normal,Female,Food and beverages,34930.8,5,8732.7,183386.7,1/30/2019,16:24,Epay,174654.0,4.761904762,8732.7,9.3
117,,725-96-3778,C,Port Harcourt,Member,Female,Home and lifestyle,32130.0,8,12852.000000000002,269892.0,1/20/2019,10:13,Cash,257040.0,4.761904762,12852.000000000002,4.7
118,,860-79-0874,C,Port Harcourt,Member,Female,Fashion accessories,35748.0,10,17874.0,375354.00000000006,2/15/2019,14:53,Card,357480.0,4.761904762,17874.0,6.6
119,,320-49-6392,C,Port Harcourt,Normal,Female,Electronic accessories,10886.4,1,544.3199999999999,11430.72,3/4/2019,15:44,Cash,10886.4,4.761904762,544.3199999999999,8.4
120,,632-90-0281,C,Port Harcourt,Normal,Female,Fashion accessories,13517.999999999998,10,6758.999999999999,141939.0,3/8/2019,20:01,Card,135180.0,4.761904762,6758.999999999999,9.3
121,,554-42-2417,C,Port Harcourt,Normal,Female,Sports and travel,34358.4,10,17179.2,360763.2,1/9/2019,13:45,Cash,343584.0,4.761904762,17179.2,5.2
122,,605-72-4132,C,Port Harcourt,Normal,Female,Food and beverages,34009.2,8,13603.680000000002,285677.28,2/27/2019,15:12,Cash,272073.6,4.761904762,13603.680000000002,9.1
123,,471-41-2823,C,Port Harcourt,Normal,Male,Food and beverages,35924.4,2,3592.44,75441.24,3/7/2019,20:37,Epay,71848.8,4.761904762,3592.44,8.0
124,,272-27-9238,C,Port Harcourt,Normal,Female,Food and beverages,14846.4,4,2969.28,62354.88,2/19/2019,16:23,Cash,59385.600000000006,4.761904762,2969.28,7.1
125,,834-25-9262,C,Port Harcourt,Normal,Female,Fashion accessories,29404.800000000003,4,5880.959999999999,123500.16,1/6/2019,12:12,Cash,117619.2,4.761904762,5880.959999999999,9.1
126,,122-61-9553,C,Port Harcourt,Normal,Female,Electronic accessories,18475.2,9,8313.84,174590.63999999998,3/14/2019,19:33,Cash,166276.8,4.761904762,8313.84,5.6
127,,613-59-9758,C,Port Harcourt,Normal,Female,Sports and travel,5169.599999999999,10,2584.8,54280.8,1/27/2019,14:28,Cash,51696.0,4.761904762,2584.8,5.4
128,,730-70-9830,C,Port Harcourt,Normal,Female,Home and lifestyle,25239.6,6,7571.88,159009.48,3/14/2019,17:54,Epay,151437.6,4.761904762,7571.88,5.2
129,,382-25-8917,C,Port Harcourt,Normal,Male,Fashion accessories,15148.8,6,4544.64,95437.44000000002,1/29/2019,12:25,Cash,90892.8,4.761904762,4544.64,8.9
130,,743-88-1662,C,Port Harcourt,Normal,Male,Sports and travel,34376.4,7,12031.74,252666.54,2/22/2019,18:17,Epay,240634.8,4.761904762,12031.74,8.7
131,,595-86-2894,C,Port Harcourt,Member,Male,Fashion accessories,34912.8,4,6982.56,146633.75999999998,2/6/2019,17:20,Epay,139651.2,4.761904762,6982.56,9.4
132,,462-78-5240,C,Port Harcourt,Normal,Female,Electronic accessories,9579.6,2,957.96,20117.16,3/19/2019,14:35,Cash,19159.2,4.761904762,957.96,4.2
133,,153-58-4872,C,Port Harcourt,Member,Female,Food and beverages,26960.4,4,5392.08,113233.68,3/1/2019,15:32,Epay,107841.6,4.761904762,5392.08,4.2
134,,689-16-9784,C,Port Harcourt,Normal,Male,Food and beverages,16837.2,6,5051.16,106074.36,3/11/2019,13:37,Cash,101023.2,4.761904762,5051.16,6.0
135,,394-41-0748,C,Port Harcourt,Member,Female,Fashion accessories,19465.2,9,8759.34,183946.14,1/27/2019,14:55,Epay,175186.8,4.761904762,8759.34,9.5
136,,541-89-9860,C,Port Harcourt,Member,Female,Fashion accessories,28972.800000000003,3,4345.92,91264.32,2/15/2019,12:31,Cash,86918.4,4.761904762,4345.92,8.1
137,,110-05-6330,C,Port Harcourt,Normal,Female,Food and beverages,14194.8,6,4258.4400000000005,89427.24,3/25/2019,20:18,Card,85168.8,4.761904762,4258.4400000000005,9.4
138,,651-61-0874,C,Port Harcourt,Normal,Male,Home and lifestyle,16639.2,4,3327.84,69884.64000000001,3/12/2019,20:04,Card,66556.8,4.761904762,3327.84,6.2
139,,236-86-3015,C,Port Harcourt,Member,Male,Home and lifestyle,5032.8,1,251.64,5284.4400000000005,2/4/2019,13:38,Epay,5032.8,4.761904762,251.64,9.8
140,,587-03-7455,C,Port Harcourt,Member,Female,Fashion accessories,35204.4,7,12321.54,258752.34,2/16/2019,17:30,Epay,246430.8,4.761904762,12321.54,4.9
141,,372-26-1506,C,Port Harcourt,Normal,Female,Fashion accessories,8575.2,5,2143.8,45019.8,1/28/2019,19:24,Epay,42876.0,4.761904762,2143.8,5.4
142,,750-57-9686,C,Port Harcourt,Normal,Female,Home and lifestyle,16336.8,4,3267.36,68614.56,1/8/2019,13:48,Card,65347.2,4.761904762,3267.36,8.7
143,,186-09-3669,C,Port Harcourt,Member,Female,Health and beauty,29343.6,1,1467.18,30810.78,1/22/2019,10:57,Epay,29343.6,4.761904762,1467.18,9.2
144,,266-76-6436,C,Port Harcourt,Member,Female,Food and beverages,13896.0,3,2084.4,43772.4,3/28/2019,13:57,Epay,41688.0,4.761904762,2084.4,7.5
145,,740-22-2500,C,Port Harcourt,Normal,Female,Electronic accessories,30258.0,3,4538.7,95312.7,1/23/2019,13:29,Cash,90774.0,4.761904762,4538.7,9.8
146,,271-88-8734,C,Port Harcourt,Member,Female,Fashion accessories,34995.6,10,17497.8,367453.8,2/8/2019,13:00,Card,349956.0,4.761904762,17497.8,8.7
147,,489-64-4354,C,Port Harcourt,Normal,Male,Fashion accessories,5860.8,1,293.04,6153.84,3/9/2019,15:36,Cash,5860.8,4.761904762,293.04,5.0
148,,574-57-9721,C,Port Harcourt,Normal,Male,Food and beverages,15577.2,2,1557.72,32712.120000000003,3/8/2019,16:53,Epay,31154.4,4.761904762,1557.72,5.7
149,,751-69-0068,C,Port Harcourt,Normal,Male,Sports and travel,35726.4,9,16076.88,337614.48,3/19/2019,19:09,Epay,321537.6,4.761904762,16076.88,9.0
150,,257-73-1380,C,Port Harcourt,Member,Male,Sports and travel,29854.800000000003,4,5970.959999999999,125390.16,1/20/2019,16:51,Epay,119419.2,4.761904762,5970.959999999999,9.6
151,,549-96-4200,C,Port Harcourt,Member,Male,Food and beverages,6134.4,4,1226.88,25764.48,3/8/2019,20:15,Epay,24537.6,4.761904762,1226.88,7.0
152,,810-60-6344,C,Port Harcourt,Normal,Female,Electronic accessories,14709.6,8,5883.84,123560.64,2/7/2019,14:38,Card,117676.8,4.761904762,5883.84,6.5
153,,450-28-2866,C,Port Harcourt,Member,Male,Food and beverages,6278.400000000001,5,1569.6,32961.6,1/15/2019,19:25,Cash,31392.0,4.761904762,1569.6,8.1
154,,192-98-7397,C,Port Harcourt,Normal,Male,Fashion accessories,4600.8,1,230.04,4830.84,1/8/2019,14:11,Epay,4600.8,4.761904762,230.04,9.5
155,,235-46-8343,C,Port Harcourt,Member,Male,Food and beverages,9957.6,10,4978.8,104554.8,2/14/2019,11:26,Card,99576.0,4.761904762,4978.8,8.9
156,,453-12-7053,C,Port Harcourt,Normal,Male,Fashion accessories,16466.4,3,2469.96,51869.16,3/10/2019,17:38,Card,49399.2,4.761904762,2469.96,6.5
157,,325-90-8763,C,Port Harcourt,Member,Female,Electronic accessories,16765.2,10,8382.6,176034.6,1/27/2019,13:58,Cash,167652.0,4.761904762,8382.6,7.6
158,,729-46-7422,C,Port Harcourt,Normal,Male,Food and beverages,12920.4,1,646.02,13566.42,2/23/2019,16:52,Card,12920.4,4.761904762,646.02,7.9
159,,639-76-1242,C,Port Harcourt,Normal,Male,Food and beverages,14587.2,5,3646.8,76582.8,2/3/2019,15:19,Cash,72936.0,4.761904762,3646.8,4.5
160,,326-71-2155,C,Port Harcourt,Normal,Female,Sports and travel,26622.0,4,5324.4,111812.4,2/3/2019,10:02,Cash,106488.0,4.761904762,5324.4,6.1
161,,320-32-8842,C,Port Harcourt,Member,Female,Food and beverages,8143.200000000001,1,407.16,8550.359999999999,3/17/2019,18:58,Cash,8143.200000000001,4.761904762,407.16,6.4
162,,878-30-2331,C,Port Harcourt,Member,Female,Sports and travel,19638.0,10,9819.0,206199.0,3/2/2019,11:22,Card,196380.0,4.761904762,9819.0,7.1
163,,440-59-5691,C,Port Harcourt,Member,Female,Health and beauty,13374.0,7,4680.9,98298.9,2/8/2019,13:12,Card,93618.0,4.761904762,4680.9,7.7
164,,746-19-0921,C,Port Harcourt,Normal,Male,Food and beverages,7768.799999999999,1,388.44,8157.240000000001,2/9/2019,10:02,Epay,7768.799999999999,4.761904762,388.44,7.2
165,,233-34-0817,C,Port Harcourt,Member,Female,Electronic accessories,35582.4,1,1779.12,37361.52,2/15/2019,11:21,Cash,35582.4,4.761904762,1779.12,8.4
166,,767-05-1286,C,Port Harcourt,Member,Female,Home and lifestyle,30157.2,6,9047.16,189990.36,1/23/2019,12:10,Epay,180943.2,4.761904762,9047.16,5.4
167,,598-47-9715,C,Port Harcourt,Normal,Male,Electronic accessories,30265.2,4,6053.04,127113.84,3/7/2019,16:54,Epay,121060.8,4.761904762,6053.04,4.4
168,,541-08-3113,C,Port Harcourt,Normal,Male,Food and beverages,23749.2,8,9499.68,199493.28,2/2/2019,20:29,Cash,189993.6,4.761904762,9499.68,8.4
169,,246-11-3901,C,Port Harcourt,Normal,Female,Electronic accessories,11807.999999999998,10,5903.999999999999,123984.0,2/15/2019,12:12,Cash,118080.0,4.761904762,5903.999999999999,6.2
170,,493-65-6248,C,Port Harcourt,Member,Female,Sports and travel,13312.8,10,6656.4,139784.4,1/1/2019,19:48,Card,133128.0,4.761904762,6656.4,7.0
171,,556-72-8512,C,Port Harcourt,Normal,Male,Home and lifestyle,8265.6,1,413.28,8678.880000000001,1/30/2019,20:47,Cash,8265.6,4.761904762,413.28,4.3
172,,148-82-2527,C,Port Harcourt,Member,Female,Home and lifestyle,4363.2,10,2181.6,45813.6,3/5/2019,13:44,Card,43632.0,4.761904762,2181.6,8.4
173,,556-97-7101,C,Port Harcourt,Normal,Female,Electronic accessories,22759.2,2,2275.92,47794.32,1/1/2019,15:51,Cash,45518.4,4.761904762,2275.92,8.5
174,,862-59-8517,C,Port Harcourt,Normal,Female,Food and beverages,32486.4,6,9745.92,204664.32,1/27/2019,11:17,Cash,194918.4,4.761904762,9745.92,6.2
175,,573-98-8548,C,Port Harcourt,Member,Female,Fashion accessories,11484.0,1,574.2,12058.2,1/5/2019,12:40,Epay,11484.0,4.761904762,574.2,9.1
176,,620-02-2046,C,Port Harcourt,Normal,Male,Home and lifestyle,24984.000000000004,2,2498.4,52466.4,1/27/2019,19:48,Epay,49968.00000000001,4.761904762,2498.4,9.0
177,,602-80-9671,C,Port Harcourt,Member,Female,Home and lifestyle,5742.0,6,1722.6,36174.6,2/9/2019,17:15,Card,34452.0,4.761904762,1722.6,5.1
178,,503-07-0930,C,Port Harcourt,Member,Male,Sports and travel,21020.4,7,7357.139999999999,154499.94,2/23/2019,19:49,Card,147142.80000000002,4.761904762,7357.139999999999,8.2
179,,413-20-6708,C,Port Harcourt,Member,Female,Fashion accessories,18529.2,1,926.46,19455.66,3/18/2019,15:52,Epay,18529.2,4.761904762,926.46,8.5
180,,521-18-7827,C,Port Harcourt,Member,Male,Home and lifestyle,14180.4,5,3545.1,74447.1,1/22/2019,20:46,Card,70902.0,4.761904762,3545.1,8.7
181,,600-38-9738,C,Port Harcourt,Member,Male,Sports and travel,25891.2,5,6472.8,135928.8,1/17/2019,15:05,Card,129456.0,4.761904762,6472.8,4.3
182,,451-28-5717,C,Port Harcourt,Member,Female,Home and lifestyle,29941.2,6,8982.36,188629.56,3/20/2019,11:23,Cash,179647.19999999998,4.761904762,8982.36,7.3
183,,133-14-7229,C,Port Harcourt,Normal,Male,Health and beauty,22633.2,2,2263.32,47529.72000000001,1/1/2019,11:43,Cash,45266.4,4.761904762,2263.32,5.0
184,,236-27-1144,C,Port Harcourt,Normal,Female,Food and beverages,5871.599999999999,9,2642.2200000000003,55486.62,3/26/2019,10:31,Epay,52844.4,4.761904762,2642.2200000000003,8.4
185,,583-41-4548,C,Port Harcourt,Normal,Male,Home and lifestyle,6001.200000000001,7,2100.42,44108.82,2/7/2019,11:36,Epay,42008.4,4.761904762,2100.42,7.4
186,,358-88-9262,C,Port Harcourt,Member,Female,Food and beverages,31492.800000000003,6,9447.84,198404.64,2/1/2019,18:43,Epay,188956.8,4.761904762,9447.84,5.1
187,,343-87-0864,C,Port Harcourt,Member,Male,Health and beauty,27316.8,1,1365.84,28682.64,1/3/2019,10:30,Card,27316.8,4.761904762,1365.84,7.1
188,,243-47-2663,C,Port Harcourt,Member,Male,Electronic accessories,6757.2,6,2027.16,42570.36,1/28/2019,16:43,Card,40543.2,4.761904762,2027.16,5.5
189,,399-69-4630,C,Port Harcourt,Normal,Male,Electronic accessories,7995.6,6,2398.68,50372.28,3/7/2019,10:23,Card,47973.6,4.761904762,2398.68,8.6
190,,283-26-5248,C,Port Harcourt,Member,Female,Food and beverages,35467.2,10,17733.6,372405.6,1/30/2019,20:23,Epay,354672.0,4.761904762,17733.6,4.5
191,,866-99-7614,C,Port Harcourt,Normal,Male,Food and beverages,32112.0,10,16056.0,337176.0,2/11/2019,15:42,Card,321120.0,4.761904762,16056.0,4.4
192,,718-57-9773,C,Port Harcourt,Normal,Female,Sports and travel,17758.8,10,8879.4,186467.4,2/3/2019,16:40,Card,177588.0,4.761904762,8879.4,9.4
193,,408-26-9866,C,Port Harcourt,Normal,Female,Sports and travel,26632.800000000003,7,9321.48,195751.08,3/2/2019,16:42,Epay,186429.6,4.761904762,9321.48,4.1
194,,592-34-6155,C,Port Harcourt,Normal,Male,Food and beverages,11437.2,4,2287.44,48036.24,1/14/2019,14:43,Epay,45748.8,4.761904762,2287.44,6.2
195,,390-31-6381,C,Port Harcourt,Normal,Male,Food and beverages,9799.2,3,1469.88,30867.48,1/7/2019,12:37,Cash,29397.6,4.761904762,1469.88,7.3
196,,339-18-7061,C,Port Harcourt,Member,Female,Fashion accessories,33472.8,2,3347.28,70292.87999999999,2/13/2019,15:06,Card,66945.6,4.761904762,3347.28,8.0
197,,379-17-6588,C,Port Harcourt,Normal,Male,Fashion accessories,21459.6,10,10729.8,225325.8,3/14/2019,11:07,Cash,214596.0,4.761904762,10729.8,5.3
198,,302-15-2162,C,Port Harcourt,Member,Male,Health and beauty,16750.8,6,5025.240000000001,105530.04,3/3/2019,10:54,Card,100504.8,4.761904762,5025.240000000001,4.3
199,,788-07-8452,C,Port Harcourt,Member,Female,Home and lifestyle,8726.4,7,3054.24,64139.04000000001,1/27/2019,17:38,Epay,61084.8,4.761904762,3054.24,9.4
200,,123-35-4896,C,Port Harcourt,Normal,Female,Sports and travel,16797.6,9,7558.92,158737.31999999998,2/17/2019,19:11,Epay,151178.4,4.761904762,7558.92,5.3
201,,258-69-7810,C,Port Harcourt,Normal,Female,Fashion accessories,13266.0,5,3316.5,69646.5,1/26/2019,18:53,Cash,66330.0,4.761904762,3316.5,9.2
202,,219-61-4139,C,Port Harcourt,Normal,Male,Electronic accessories,29908.8,1,1495.44,31404.24,1/23/2019,17:16,Epay,29908.8,4.761904762,1495.44,6.4
203,,881-41-7302,C,Port Harcourt,Normal,Female,Fashion accessories,23396.4,1,1169.82,24566.22,1/26/2019,10:06,Card,23396.4,4.761904762,1169.82,4.5
204,,373-09-4567,C,Port Harcourt,Normal,Male,Food and beverages,27921.6,10,13960.8,293176.8,3/14/2019,20:35,Epay,279216.0,4.761904762,13960.8,6.9
205,,484-22-8230,C,Port Harcourt,Member,Female,Fashion accessories,18680.4,7,6538.14,137300.94,1/8/2019,20:08,Cash,130762.8,4.761904762,6538.14,4.5
206,,544-32-5024,C,Port Harcourt,Member,Female,Food and beverages,17924.4,4,3584.88,75282.48,3/28/2019,19:16,Card,71697.6,4.761904762,3584.88,6.4
207,,277-35-5865,C,Port Harcourt,Member,Female,Food and beverages,35629.2,9,16033.14,336695.94,3/9/2019,11:23,Cash,320662.8,4.761904762,16033.14,6.7
208,,284-54-4231,C,Port Harcourt,Member,Male,Sports and travel,29134.800000000003,1,1456.74,30591.54,1/19/2019,16:08,Card,29134.800000000003,4.761904762,1456.74,9.0
209,,840-19-2096,C,Port Harcourt,Member,Male,Electronic accessories,31647.6,5,7911.9,166149.9,3/14/2019,18:10,Epay,158238.0,4.761904762,7911.9,4.4
210,,641-96-3695,C,Port Harcourt,Member,Female,Fashion accessories,15645.6,6,4693.68,98567.28,2/7/2019,17:55,Epay,93873.6,4.761904762,4693.68,8.5
211,,318-81-2368,C,Port Harcourt,Normal,Female,Electronic accessories,16632.0,1,831.6,17463.6,3/19/2019,12:16,Cash,16632.0,4.761904762,831.6,6.3
212,,155-45-3814,C,Port Harcourt,Member,Female,Electronic accessories,31878.0,8,12751.2,267775.2,3/19/2019,15:29,Epay,255024.0,4.761904762,12751.2,4.7
213,,131-15-8856,C,Port Harcourt,Member,Female,Food and beverages,26107.2,8,10442.88,219300.48,3/30/2019,19:26,Card,208857.6,4.761904762,10442.88,4.0
214,,273-84-2164,C,Port Harcourt,Member,Male,Electronic accessories,4338.0,5,1084.5,22774.5,2/16/2019,15:53,Epay,21690.0,4.761904762,1084.5,5.5
215,,778-89-7974,C,Port Harcourt,Normal,Male,Health and beauty,25275.6,6,7582.680000000001,159236.28,3/30/2019,14:58,Cash,151653.6,4.761904762,7582.680000000001,7.4
216,,859-71-0933,C,Port Harcourt,Member,Female,Sports and travel,5576.4,2,557.6400000000001,11710.44,1/16/2019,15:10,Cash,11152.8,4.761904762,557.6400000000001,6.3
217,,740-11-5257,C,Port Harcourt,Normal,Male,Electronic accessories,8906.4,10,4453.2,93517.2,2/24/2019,16:44,Cash,89064.0,4.761904762,4453.2,7.1
218,,250-81-7186,C,Port Harcourt,Normal,Female,Electronic accessories,35888.4,1,1794.4199999999998,37682.82,2/27/2019,10:23,Card,35888.4,4.761904762,1794.4199999999998,8.0
219,,842-29-4695,C,Port Harcourt,Member,Male,Sports and travel,6170.400000000001,7,2159.64,45352.44,1/16/2019,12:07,Card,43192.8,4.761904762,2159.64,7.9
220,,641-51-2661,C,Port Harcourt,Member,Female,Food and beverages,31356.0,10,15677.999999999998,329238.0,2/12/2019,14:45,Card,313560.0,4.761904762,15677.999999999998,9.9
221,,714-02-3114,C,Port Harcourt,Normal,Female,Sports and travel,35568.0,2,3556.8,74692.8,2/21/2019,11:39,Cash,71136.0,4.761904762,3556.8,7.7
222,,408-66-6712,C,Port Harcourt,Member,Female,Health and beauty,17175.6,6,5152.679999999999,108206.28,2/16/2019,14:19,Epay,103053.6,4.761904762,5152.679999999999,4.4
223,,556-41-6224,C,Port Harcourt,Normal,Male,Health and beauty,12110.4,8,4844.16,101727.36,2/15/2019,17:10,Card,96883.2,4.761904762,4844.16,9.3
224,,648-94-3045,C,Port Harcourt,Normal,Male,Health and beauty,21222.0,10,10611.0,222831.0,2/7/2019,14:27,Epay,212220.0,4.761904762,10611.0,8.1
225,,370-96-0655,C,Port Harcourt,Normal,Female,Fashion accessories,17755.2,6,5326.56,111857.76,1/9/2019,13:46,Epay,106531.2,4.761904762,5326.56,7.1
226,,173-57-2300,C,Port Harcourt,Member,Male,Sports and travel,26236.8,2,2623.68,55097.28,3/13/2019,12:51,Cash,52473.6,4.761904762,2623.68,6.1
227,,394-55-6384,C,Port Harcourt,Member,Female,Sports and travel,25268.4,9,11370.78,238786.38,1/25/2019,13:38,Cash,227415.6,4.761904762,11370.78,6.7
228,,266-20-6657,C,Port Harcourt,Member,Male,Food and beverages,19814.4,7,6935.04,145635.84000000003,3/12/2019,19:39,Epay,138700.8,4.761904762,6935.04,5.2
229,,196-01-2849,C,Port Harcourt,Member,Female,Fashion accessories,26416.8,7,9245.88,194163.48000000004,2/10/2019,13:56,Cash,184917.6,4.761904762,9245.88,9.5
230,,372-62-5264,C,Port Harcourt,Normal,Female,Food and beverages,18936.0,9,8521.2,178945.2,1/16/2019,14:42,Cash,170424.0,4.761904762,8521.2,7.6
231,,751-41-9720,C,Port Harcourt,Normal,Male,Home and lifestyle,35100.0,10,17550.0,368550.0,1/12/2019,16:18,Epay,351000.0,4.761904762,17550.0,8.0
232,,626-43-7888,C,Port Harcourt,Normal,Female,Fashion accessories,21747.6,8,8699.04,182679.84,2/7/2019,12:23,Epay,173980.8,4.761904762,8699.04,9.6
233,,162-65-8559,C,Port Harcourt,Member,Male,Food and beverages,24832.800000000003,1,1241.64,26074.44,1/21/2019,20:13,Cash,24832.800000000003,4.761904762,1241.64,4.8
234,,760-27-5490,C,Port Harcourt,Normal,Male,Fashion accessories,5623.2,8,2249.28,47234.88,1/20/2019,20:37,Epay,44985.6,4.761904762,2249.28,9.1
235,,728-88-7867,C,Port Harcourt,Member,Female,Home and lifestyle,27190.8,4,5438.16,114201.36,3/19/2019,15:52,Epay,108763.2,4.761904762,5438.16,8.3
236,,183-21-3799,C,Port Harcourt,Normal,Female,Electronic accessories,27946.8,9,12576.06,264097.26,2/19/2019,15:14,Epay,251521.2,4.761904762,12576.06,7.2
237,,268-20-3585,C,Port Harcourt,Normal,Female,Health and beauty,4986.0,9,2243.7,47117.7,2/4/2019,12:50,Epay,44874.0,4.761904762,2243.7,6.0
238,,735-32-9839,C,Port Harcourt,Member,Male,Fashion accessories,35532.0,8,14212.8,298468.8,1/31/2019,10:36,Epay,284256.0,4.761904762,14212.8,8.5
239,,678-79-0726,C,Port Harcourt,Member,Female,Sports and travel,32626.8,9,14682.06,308323.26,1/18/2019,15:28,Cash,293641.2,4.761904762,14682.06,5.1
240,,592-46-1692,C,Port Harcourt,Member,Female,Food and beverages,13237.2,7,4633.02,97293.42,1/11/2019,20:10,Cash,92660.4,4.761904762,4633.02,7.4
241,,149-14-0304,C,Port Harcourt,Member,Female,Health and beauty,10260.0,8,4104.0,86184.0,2/6/2019,14:24,Cash,82080.0,4.761904762,4104.0,6.6
242,,442-44-6497,C,Port Harcourt,Member,Male,Home and lifestyle,20005.2,3,3000.78,63016.380000000005,1/8/2019,11:42,Card,60015.600000000006,4.761904762,3000.78,5.9
243,,210-74-9613,C,Port Harcourt,Normal,Male,Fashion accessories,35013.6,4,7002.72,147057.12,3/16/2019,15:33,Epay,140054.4,4.761904762,7002.72,6.8
244,,607-65-2441,C,Port Harcourt,Member,Male,Health and beauty,29502.0,10,14751.0,309771.0,3/10/2019,12:39,Card,295020.0,4.761904762,14751.0,6.0
245,,386-27-7606,C,Port Harcourt,Member,Female,Home and lifestyle,29232.0,7,10231.2,214855.2,3/23/2019,15:59,Card,204624.0,4.761904762,10231.2,8.1
246,,137-63-5492,C,Port Harcourt,Normal,Male,Electronic accessories,21153.6,10,10576.8,222112.8,1/29/2019,14:26,Epay,211536.0,4.761904762,10576.8,9.0
247,,733-29-1227,C,Port Harcourt,Normal,Male,Home and lifestyle,20019.6,7,7006.86,147144.06,3/23/2019,12:41,Cash,140137.19999999998,4.761904762,7006.86,8.5
248,,451-73-2711,C,Port Harcourt,Normal,Male,Food and beverages,30538.8,1,1526.94,32065.74,1/14/2019,15:20,Epay,30538.8,4.761904762,1526.94,8.8
249,,345-68-9016,C,Port Harcourt,Member,Female,Sports and travel,11401.2,8,4560.48,95770.08,1/2/2019,16:19,Card,91209.6,4.761904762,4560.48,5.6
250,,390-17-5806,C,Port Harcourt,Member,Female,Food and beverages,13831.2,1,691.5600000000001,14522.76,2/2/2019,16:33,Cash,13831.2,4.761904762,691.5600000000001,8.6
251,,664-14-2882,C,Port Harcourt,Member,Female,Home and lifestyle,3790.8,5,947.7,19901.7,1/30/2019,14:43,Card,18954.0,4.761904762,947.7,5.8
252,,314-23-4520,C,Port Harcourt,Member,Male,Health and beauty,29242.800000000003,7,10234.98,214934.58,1/15/2019,20:44,Cash,204699.6,4.761904762,10234.98,9.0
253,,288-38-3758,C,Port Harcourt,Member,Female,Fashion accessories,30553.2,3,4582.98,96242.58,1/25/2019,18:30,Epay,91659.6,4.761904762,4582.98,7.4
254,,801-88-0346,C,Port Harcourt,Normal,Female,Fashion accessories,27381.6,3,4107.240000000001,86252.04000000001,1/5/2019,20:30,Card,82144.8,4.761904762,4107.240000000001,9.8
255,,759-98-4285,C,Port Harcourt,Member,Female,Health and beauty,30913.2,7,10819.62,227212.02,2/27/2019,19:01,Card,216392.4,4.761904762,10819.62,8.0
256,,201-63-8275,C,Port Harcourt,Member,Female,Sports and travel,24476.4,7,8566.74,179901.54,2/17/2019,16:50,Epay,171334.8,4.761904762,8566.74,5.7
257,,471-06-8611,C,Port Harcourt,Normal,Female,Food and beverages,18871.2,1,943.5600000000002,19814.76,2/6/2019,10:22,Card,18871.2,4.761904762,943.5600000000002,6.3
258,,200-16-5952,C,Port Harcourt,Member,Male,Food and beverages,23634.000000000004,2,2363.4,49631.4,1/17/2019,16:46,Cash,47268.00000000001,4.761904762,2363.4,6.0
259,,102-77-2261,C,Port Harcourt,Member,Male,Health and beauty,23511.6,7,8229.06,172810.26,3/5/2019,18:02,Card,164581.2,4.761904762,8229.06,4.2
260,,102-06-2002,C,Port Harcourt,Member,Male,Sports and travel,9090.0,5,2272.5,47722.5,3/20/2019,17:52,Cash,45450.0,4.761904762,2272.5,6.1
261,,629-42-4133,C,Port Harcourt,Normal,Male,Health and beauty,7848.0,8,3139.2000000000003,65923.2,2/19/2019,19:24,Cash,62784.0,4.761904762,3139.2000000000003,8.3
262,,468-99-7231,C,Port Harcourt,Normal,Female,Home and lifestyle,15843.6,8,6337.44,133086.24000000002,3/3/2019,17:36,Cash,126748.8,4.761904762,6337.44,8.8
263,,516-77-6464,C,Port Harcourt,Member,Female,Health and beauty,3657.6,5,914.4,19202.4,2/24/2019,13:08,Epay,18288.0,4.761904762,914.4,4.1
264,,886-77-9084,C,Port Harcourt,Normal,Male,Electronic accessories,25880.4,8,10352.16,217395.36,2/19/2019,11:33,Epay,207043.2,4.761904762,10352.16,5.5
265,,790-38-4466,C,Port Harcourt,Normal,Female,Health and beauty,3956.4,5,989.1,20771.1,1/23/2019,10:18,Card,19782.0,4.761904762,989.1,9.3
266,,704-10-4056,C,Port Harcourt,Member,Male,Health and beauty,21769.2,3,3265.38,68572.98,1/14/2019,10:55,Card,65307.6,4.761904762,3265.38,5.6
267,,400-80-4065,C,Port Harcourt,Member,Male,Health and beauty,24678.0,4,4935.6,103647.6,2/15/2019,20:21,Card,98712.0,4.761904762,4935.6,9.2
268,,443-60-9639,C,Port Harcourt,Member,Female,Home and lifestyle,21913.2,1,1095.66,23008.86,1/24/2019,13:24,Cash,21913.2,4.761904762,1095.66,5.5
269,,401-09-4232,C,Port Harcourt,Member,Male,Home and lifestyle,31208.4,5,7802.099999999999,163844.1,2/11/2019,18:38,Epay,156042.0,4.761904762,7802.099999999999,9.4
270,,324-41-6833,C,Port Harcourt,Member,Female,Electronic accessories,10872.0,8,4348.8,91324.8,3/3/2019,19:30,Epay,86976.0,4.761904762,4348.8,5.1
271,,474-33-8305,C,Port Harcourt,Member,Male,Fashion accessories,24260.4,7,8491.14,178313.94,3/23/2019,13:23,Epay,169822.80000000002,4.761904762,8491.14,6.9
272,,189-55-2313,C,Port Harcourt,Normal,Female,Fashion accessories,22384.8,10,11192.4,235040.4,1/31/2019,10:33,Epay,223848.0,4.761904762,11192.4,6.0
273,,815-04-6282,C,Port Harcourt,Member,Female,Sports and travel,23389.2,5,5847.3,122793.3,2/8/2019,12:52,Card,116946.0,4.761904762,5847.3,6.5
274,,477-59-2456,C,Port Harcourt,Normal,Female,Fashion accessories,16358.4,7,5725.4400000000005,120234.24000000002,1/23/2019,11:15,Cash,114508.8,4.761904762,5725.4400000000005,9.2
275,,784-21-9238,C,Port Harcourt,Member,Male,Sports and travel,3661.2,1,183.06,3844.26,2/7/2019,14:15,Cash,3661.2,4.761904762,183.06,5.9
276,,538-22-0304,C,Port Harcourt,Normal,Male,Electronic accessories,23382.0,10,11691.0,245511.0,3/24/2019,18:27,Cash,233820.0,4.761904762,11691.0,5.2
277,,660-29-7083,C,Port Harcourt,Normal,Male,Electronic accessories,20113.2,10,10056.6,211188.6,1/15/2019,15:01,Cash,201132.00000000003,4.761904762,10056.6,5.8
278,,271-77-8740,C,Port Harcourt,Member,Female,Sports and travel,10519.2,6,3155.76,66270.95999999999,1/1/2019,11:40,Epay,63115.2,4.761904762,3155.76,5.0
279,,549-23-9016,C,Port Harcourt,Member,Female,Food and beverages,5353.2,2,535.3199999999999,11241.72,2/13/2019,18:15,Card,10706.4,4.761904762,535.3199999999999,8.9
280,,862-29-5914,C,Port Harcourt,Normal,Female,Sports and travel,8056.799999999999,1,402.84,8459.640000000001,1/30/2019,17:08,Card,8056.799999999999,4.761904762,402.84,8.6
281,,845-94-6841,C,Port Harcourt,Member,Female,Food and beverages,26236.8,9,11806.56,247937.76,1/8/2019,19:38,Cash,236131.2,4.761904762,11806.56,4.0
282,,658-66-3967,C,Port Harcourt,Normal,Male,Health and beauty,19148.4,7,6701.94,140740.74,1/14/2019,15:42,Epay,134038.8,4.761904762,6701.94,5.0
283,,848-95-6252,C,Port Harcourt,Member,Female,Home and lifestyle,31057.2,1,1552.86,32610.06,2/20/2019,13:24,Epay,31057.2,4.761904762,1552.86,7.0
284,,176-78-1170,C,Port Harcourt,Member,Male,Health and beauty,12171.6,3,1825.74,38340.54,1/26/2019,15:11,Epay,36514.8,4.761904762,1825.74,7.3
285,,101-81-4070,C,Port Harcourt,Member,Female,Health and beauty,22615.2,2,2261.52,47491.92,1/17/2019,12:36,Epay,45230.4,4.761904762,2261.52,4.9
286,,631-34-1880,C,Port Harcourt,Member,Male,Food and beverages,8751.6,3,1312.74,27567.54,1/8/2019,19:09,Card,26254.800000000003,4.761904762,1312.74,4.3
287,,584-66-4073,C,Port Harcourt,Normal,Male,Fashion accessories,20340.0,1,1017.0,21357.0,3/13/2019,15:45,Epay,20340.0,4.761904762,1017.0,9.6
288,,154-87-7367,C,Port Harcourt,Normal,Male,Home and lifestyle,23493.6,8,9397.44,197346.24,3/15/2019,14:04,Epay,187948.8,4.761904762,9397.44,6.3
289,,885-56-0389,C,Port Harcourt,Member,Male,Fashion accessories,18846.0,1,942.3,19788.3,2/12/2019,17:49,Cash,18846.0,4.761904762,942.3,4.0
290,,115-38-7388,C,Port Harcourt,Member,Female,Fashion accessories,3664.8,8,1465.92,30784.32,3/30/2019,12:51,Card,29318.4,4.761904762,1465.92,9.5
291,,137-74-8729,C,Port Harcourt,Normal,Female,Fashion accessories,4388.4,8,1755.36,36862.56,3/13/2019,12:47,Epay,35107.2,4.761904762,1755.36,6.8
292,,389-70-2397,C,Port Harcourt,Normal,Female,Health and beauty,30117.6,5,7529.4,158117.4,2/21/2019,10:26,Cash,150588.0,4.761904762,7529.4,7.2
293,,607-76-6216,C,Port Harcourt,Member,Female,Fashion accessories,33296.4,5,8324.1,174806.1,3/2/2019,16:35,Card,166482.0,4.761904762,8324.1,8.6
294,,781-84-8059,C,Port Harcourt,Normal,Male,Fashion accessories,21866.4,7,7653.24,160718.04,1/18/2019,16:23,Epay,153064.8,4.761904762,7653.24,5.0
295,,409-49-6995,C,Port Harcourt,Member,Female,Food and beverages,17017.2,6,5105.16,107208.36,2/5/2019,10:17,Cash,102103.2,4.761904762,5105.16,8.8
296,,725-54-0677,C,Port Harcourt,Member,Male,Health and beauty,30816.0,7,10785.6,226497.6,3/2/2019,13:50,Cash,215712.00000000003,4.761904762,10785.6,5.3
297,,377-79-7592,C,Port Harcourt,Member,Female,Electronic accessories,16142.4,9,7264.08,152545.68000000002,1/14/2019,14:00,Card,145281.6,4.761904762,7264.08,7.5
298,,545-07-8534,C,Port Harcourt,Normal,Female,Health and beauty,20995.2,2,2099.5200000000004,44089.920000000006,2/14/2019,12:42,Epay,41990.4,4.761904762,2099.5200000000004,6.0
299,,118-62-1812,C,Port Harcourt,Member,Female,Home and lifestyle,28216.8,4,5643.36,118510.55999999998,3/24/2019,17:56,Cash,112867.2,4.761904762,5643.36,7.9
300,,450-42-3339,C,Port Harcourt,Normal,Male,Health and beauty,30459.6,10,15229.8,319825.8,2/9/2019,18:58,Card,304596.0,4.761904762,15229.8,8.8
301,,151-27-8496,C,Port Harcourt,Normal,Female,Electronic accessories,20206.8,4,4041.36,84868.56,1/19/2019,11:43,Epay,80827.2,4.761904762,4041.36,8.6
302,,717-96-4189,C,Port Harcourt,Normal,Female,Electronic accessories,12776.4,6,3832.92,80491.32,2/2/2019,12:40,Cash,76658.4,4.761904762,3832.92,4.1
303,,722-13-2115,C,Port Harcourt,Member,Male,Sports and travel,15426.0,1,771.3000000000001,16197.3,3/14/2019,15:36,Card,15426.0,4.761904762,771.3000000000001,9.3
304,,246-55-6923,C,Port Harcourt,Member,Female,Home and lifestyle,12884.4,9,5797.98,121757.58,3/10/2019,15:06,Card,115959.6,4.761904762,5797.98,5.1
305,,838-02-1821,C,Port Harcourt,Member,Female,Home and lifestyle,4582.8,2,458.28,9623.88,2/22/2019,12:10,Card,9165.6,4.761904762,458.28,5.2
306,,887-42-0517,C,Port Harcourt,Normal,Female,Sports and travel,29930.4,7,10475.64,219988.44000000003,1/10/2019,10:31,Card,209512.8,4.761904762,10475.64,6.6
307,,457-12-0244,C,Port Harcourt,Member,Female,Sports and travel,12679.2,6,3803.76,79878.95999999999,3/14/2019,13:49,Epay,76075.2,4.761904762,3803.76,6.5
308,,756-93-1854,C,Port Harcourt,Member,Female,Fashion accessories,30006.0,2,3000.6000000000004,63012.6,2/2/2019,14:05,Card,60011.99999999999,4.761904762,3000.6000000000004,9.5
309,,458-10-8612,C,Port Harcourt,Normal,Male,Health and beauty,23068.8,7,8074.08,169555.68000000002,1/20/2019,12:27,Epay,161481.6,4.761904762,8074.08,7.6
310,,235-06-8510,C,Port Harcourt,Member,Male,Home and lifestyle,30859.2,3,4628.879999999999,97206.48,1/24/2019,20:59,Epay,92577.6,4.761904762,4628.879999999999,5.1
311,,433-08-7822,C,Port Harcourt,Normal,Female,Health and beauty,28400.4,7,9940.14,208742.94,1/5/2019,19:48,Epay,198802.8,4.761904762,9940.14,7.5
312,,500-02-2261,C,Port Harcourt,Normal,Female,Food and beverages,20624.4,6,6187.320000000001,129933.72,3/21/2019,17:04,Epay,123746.4,4.761904762,6187.320000000001,5.9
313,,702-83-5291,C,Port Harcourt,Member,Male,Fashion accessories,35935.2,9,16170.839999999998,339587.64,3/27/2019,10:43,Cash,323416.8,4.761904762,16170.839999999998,6.6
314,,859-97-6048,C,Port Harcourt,Member,Male,Electronic accessories,30330.0,2,3033.0000000000005,63693.00000000001,3/26/2019,14:13,Card,60660.0,4.761904762,3033.0000000000005,5.3
315,,373-88-1424,C,Port Harcourt,Member,Male,Home and lifestyle,12891.6,5,3222.9,67680.9,2/6/2019,18:44,Epay,64458.00000000001,4.761904762,3222.9,7.9
316,,784-08-0310,C,Port Harcourt,Member,Female,Food and beverages,7574.4,4,1514.88,31812.48,1/13/2019,13:58,Cash,30297.6,4.761904762,1514.88,7.6
317,,577-34-7579,C,Port Harcourt,Member,Male,Food and beverages,18176.4,9,8179.38,171766.97999999998,1/10/2019,17:16,Cash,163587.6,4.761904762,8179.38,5.4
318,,867-47-1948,C,Port Harcourt,Normal,Female,Home and lifestyle,5688.0,10,2844.0,59724.0,1/9/2019,12:07,Cash,56880.0,4.761904762,2844.0,7.8
319,,256-58-3609,C,Port Harcourt,Member,Male,Fashion accessories,33112.8,1,1655.64,34768.439999999995,3/18/2019,15:29,Cash,33112.8,4.761904762,1655.64,9.8
320,,364-34-2972,C,Port Harcourt,Member,Male,Electronic accessories,34855.2,3,5228.28,109793.88,3/30/2019,20:37,Cash,104565.6,4.761904762,5228.28,6.7
321,,744-82-9138,C,Port Harcourt,Normal,Male,Fashion accessories,31006.8,2,3100.68,65114.28,2/7/2019,17:59,Cash,62013.6,4.761904762,3100.68,8.2
322,,728-47-9078,C,Port Harcourt,Member,Male,Food and beverages,21452.4,4,4290.48,90100.08,1/19/2019,12:46,Cash,85809.6,4.761904762,4290.48,9.8
323,,148-41-7930,C,Port Harcourt,Normal,Male,Health and beauty,35985.6,7,12594.96,264494.16000000003,1/23/2019,10:33,Cash,251899.2,4.761904762,12594.96,6.1
324,,189-40-5216,C,Port Harcourt,Normal,Male,Electronic accessories,34693.200000000004,7,12142.62,254995.02,1/9/2019,11:40,Cash,242852.4,4.761904762,12142.62,6.0
325,,267-62-7380,C,Port Harcourt,Member,Male,Electronic accessories,29642.4,10,14821.2,311245.2,3/29/2019,19:12,Epay,296424.0,4.761904762,14821.2,4.3
326,,652-49-6720,C,Port Harcourt,Member,Female,Electronic accessories,21942.0,1,1097.1,23039.1,2/18/2019,11:40,Epay,21942.0,4.761904762,1097.1,5.9
327,,233-67-5758,C,Port Harcourt,Normal,Male,Health and beauty,14526.0,1,726.3000000000001,15252.3,1/29/2019,13:46,Epay,14526.0,4.761904762,726.3000000000001,6.2
